<?xml version="1.0" encoding="utf-8"?>

<!--
@name     Customer Group Size
@author   Andrii Burkatskyi, ocmod.space@gmail.com
@version  1.0.2
@link     https://www.ocmod.space/customer-group-size
@link     https://github.com/ocmod-space/ocmod-customer-group-size
@licence  https://raw.githubusercontent.com/ocmod-space/ocmod-customer-group-size/main/LICENSE.txt
-->

<modification>
	<name>#ocmod.space: customer-group-size</name>
	<code>customer-group-size</code>
	<version>1.0.2</version>
	<author>Andrii Burkatskyi</author>
	<link>https://www.opencart.com/index.php?route=marketplace/extension&amp;filter_member=ocmod.space</link>

    <file path="admin/view/template/customer/customer_group_list.t*" error="log">
        <operation error="log" info="2.x">
            <ignoreif regex="false" info=""><![CDATA[{{ header }}]]></ignoreif>
            <search>
                <![CDATA[<td class="text-right"><?php if ($sort == 'cg.sort_order') { ?>]]>
            </search>
            <add position="before">
                <![CDATA[                  <!-- << Customer Group Size -->
                  <?php if ($customer_group_size) { ?>
                  <td class="text-right" style="width:5%;"><?php echo $column_size; ?></td>
                  <?php } ?>
                  <!-- Customer Group Size -->]]>
            </add>
        </operation>

        <operation error="log" info="2.x">
            <ignoreif regex="false" info=""><![CDATA[{{ header }}]]></ignoreif>
            <search>
                <![CDATA[<td class="text-right"><?php echo $customer_group['sort_order']; ?></td>]]>
            </search>
            <add position="before">
                <![CDATA[                  <!-- << Customer Group Size -->
                  <?php if ($customer_group_size) { ?>
                  <td class="text-right"><?php echo $customer_group['size']; ?></td>
                  <?php } ?>
                  <!-- Customer Group Size -->]]>
            </add>
        </operation>

        <operation error="log" info="3.x">
            <ignoreif regex="false" info=""><![CDATA[<?php echo $header; ?>]]></ignoreif>
            <search>
                <![CDATA[<td class="text-right">{% if sort == 'cg.sort_order' %}]]>
            </search>
            <add position="before">
                <![CDATA[                  {# << Customer Group Size #}
                  {% if customer_group_size %}
                  <td class="text-right" style="width:5%;">{{ column_size }}</td>
                  {% endif %}
                  {# >> Customer Group Size #}]]>
            </add>
        </operation>

        <operation error="log" info="3.x">
            <ignoreif regex="false" info=""><![CDATA[<?php echo $header; ?>]]></ignoreif>
            <search>
                <![CDATA[<td class="text-right">{{ customer_group.sort_order }}</td>]]>
            </search>
            <add position="before">
                <![CDATA[                  {# << Customer Group Size #}
                  {% if customer_group_size %}
                  <td class="text-right">{{ customer_group.size }}</td>
                  {% endif %}
                  {# >> Customer Group Size #}]]>
            </add>
        </operation>
    </file>
</modification>
